Workbook

Sheet Summary
A1: Metric (collapsed 4 categories) | B1: CICIoT2023
A2: Total rows | B2: ='Class counts'!B12
A3: Benign rows | B3: ='Class counts'!B15
A4: Attack rows | B4: =B2-B3
A5: Benign share | B5: =B3/B2
A6: Attack share | B6: =B4/B2
A7: Largest class (rows) | B7: =MAX('Class counts'!$B$15:$B$18)
A8: Largest class (name) | B8: =INDEX('Class counts'!$A$15:$A$18,MATCH(B7,'Class counts'!$B$15:$B$18,0))
A9: Smallest class (rows) | B9: =MIN('Class counts'!$B$15:$B$18)
A10: Smallest class (name) | B10: =INDEX('Class counts'!$A$15:$A$18,MATCH(B9,'Class counts'!$B$15:$B$18,0))
A11: Imbalance ratio (largest / smallest) | B11: =IF(B9=0,"n/a: a class has no rows",B7/B9)
A12: Flag: benign class | B12: =IF(B5<0.05,"Benign under 5%: resample or weight","OK")
A13: Flag: smallest class | B13: =IF(B9<100,"Under 100 rows: score unreliable","OK")

Sheet Class counts
A1: Raw label | B1: Rows | C1: Collapsed category | D1: Share of total
A2: DDoS-TCP_Flood | B2: 4497667 | C2: flood | D2: =B2/$B$12
A3: DDoS-SYN_Flood | B3: 4059190 | C3: flood | D3: =B3/$B$12
A4: DDoS-UDP_Flood | B4: 5412287 | C4: flood | D4: =B4/$B$12
A5: DoS-TCP_Flood | B5: 2671445 | C5: flood | D5: =B5/$B$12
A6: DoS-SYN_Flood | B6: 2028834 | C6: flood | D6: =B6/$B$12
A7: DoS-UDP_Flood | B7: 3318595 | C7: flood | D7: =B7/$B$12
A8: DNS_Spoofing | B8: 178911 | C8: spoofing | D8: =B8/$B$12
A9: MITM-ArpSpoofing | B9: 307593 | C9: spoofing | D9: =B9/$B$12
A10: CommandInjection | B10: 5409 | C10: command_injection | D10: =B10/$B$12
A11: BenignTraffic | B11: 1098195 | C11: benign | D11: =B11/$B$12
A12: Total rows | B12: =SUM(B2:B11)
A14: Collapsed category | B14: Rows | C14: Share of total
A15: benign | B15: =SUMIF($C$2:$C$11,A15,$B$2:$B$11) | C15: =B15/$B$12
A16: flood | B16: =SUMIF($C$2:$C$11,A16,$B$2:$B$11) | C16: =B16/$B$12
A17: spoofing | B17: =SUMIF($C$2:$C$11,A17,$B$2:$B$11) | C17: =B17/$B$12
A18: command_injection | B18: =SUMIF($C$2:$C$11,A18,$B$2:$B$11) | C18: =B18/$B$12

Sheet Notes
A1: Source and assumptions
A2: Counts come from ciciot2023_filtered_clean.csv (23,578,126 rows), read in chunks of 1,000,000 rows using the 'label' column only.
A3: Raw label counts on the Class counts sheet are typed inputs (blue). Every other number is a formula that recalculates from them.
A4: The 10 raw labels collapse into 4 categories using the same map as the cleaning notebook: 6 flood types -> flood, DNS_Spoofing and MITM-ArpSpoofing -> spoofing, CommandInjection -> command_injection, BenignTraffic -> benign.
A5: All shares, flags and the imbalance ratio on the Summary sheet are computed on the collapsed 4, which is what the watchdog (Layer 1) trains on.
A6: Imbalance ratio = largest collapsed class / smallest collapsed class.
A7: CICIoT2023 is network flow data, so it benchmarks the network watchdog (Layer 1) only. The physical-consistency checker (Layer 2) uses the synthetic sensor-value attacks.
